race_id,date,region,course,course_id,off,off_dt,race_name,type,class,pattern,rating_band,age_band,sex_rest,dist,dist_y,dist_m,dist_f,going,surface,jumps,winning_time_detail,comments,non_runners,tote_win,tote_pl,tote_ex,tote_csf,tote_tricast,tote_trifecta,horse_id,horse,sp,sp_dec,number,position,draw,btn,ovr_btn,age,sex,weight,weight_lbs,headgear,time,or,rpr,tsr,prize,jockey,jockey_claim_lbs,jockey_id,trainer,trainer_id,owner,owner_id,sire,sire_id,dam,dam_id,damsire,damsire_id,comment,silk_url
rac_6469060,2010-01-12,GB,Lingfield (AW),crs_10218,3:35,2010-01-12T15:35:00+00:00,Marsh Green Handicap,Flat,Class 4,,0-85,3yo,,7f,1541,1409.0,7f,Standard,AW,,1m 25.09s (slow by 3.09s),,,£5.90,£1.30 £1.40,£13,£9.97,,,hrs_5236063,Capricornus (USA),5/4F,2.25,3.0,2,3.0,1.25,1.25,3,C,9-4,130,,1:25.30,71,74,52,1348.90,Neil Callan,0,jky_41097,Mark Johnston,trn_30402,Sheikh Hamdan Bin Mohammed Al Maktoum,own_237888,Rahy (USA),sir_97321,Silent Partner (USA),dam_5236049,Capote,dsi_2131577,In touch - shaken up over 2f out - ridden and went between horses just inside final furlong - chased winner final 100yds - no impression after(op 15-8),https://www.rp-assets.com/svg/h/2/7/59472h.svg
rac_6469060,2010-01-12,GB,Lingfield (AW),crs_10218,3:35,2010-01-12T15:35:00+00:00,Marsh Green Handicap,Flat,Class 4,,0-85,3yo,,7f,1541,1409.0,7f,Standard,AW,,1m 25.09s (slow by 3.09s),,,£5.90,£1.30 £1.40,£13,£9.97,,,hrs_5194070,Fazza (GB),3/1,4.0,5.0,3,4.0,0.3,1.5,3,G,9-3,129,,1:25.34,70,72,50,674.10,David Probert,0,jky_258039,David Arbuthnot,trn_6120,Nursery End Syndicate,own_708516,Sulamani (IRE),sir_3892441,Markievicz I (IRE),dam_545503,Doyoun,dsi_71680,Took keen hold - held up in touch - ridden entering final 2f - headway under pressure inside final furlong - ran on to go 3rd well inside final furlong - not reach leaders(tchd 5-2 and 10-3),https://www.rp-assets.com/svg/9/2/1/177129.svg
rac_6469060,2010-01-12,GB,Lingfield (AW),crs_10218,3:35,2010-01-12T15:35:00+00:00,Marsh Green Handicap,Flat,Class 4,,0-85,3yo,,7f,1541,1409.0,7f,Standard,AW,,1m 25.09s (slow by 3.09s),,,£5.90,£1.30 £1.40,£13,£9.97,,,hrs_5193755,Exceedthewildman (GB),10/1,11.0,1.0,4,1.0,1.25,2.75,3,C,9-7,133,p,1:25.55,74,73,51,336.70,Luke Morris,0,jky_254571,J S Moore,trn_46089,E Moore J S Moore,own_671040,Exceed And Excel (AUS),sir_4045216,Naomi Wildman (USA),dam_4067273,Kingmambo,dsi_553315,Slowly into stride - behind - reminder 5f out - ridden and effort on inner over 1f out - not clear run and hampered inside final furlong - switched right and ran on final 100yds - never able to challenge(op 12-1),https://www.rp-assets.com/svg/0/6/7/167760.svg
rac_6469060,2010-01-12,GB,Lingfield (AW),crs_10218,3:35,2010-01-12T15:35:00+00:00,Marsh Green Handicap,Flat,Class 4,,0-85,3yo,,7f,1541,1409.0,7f,Standard,AW,,1m 25.09s (slow by 3.09s),,,£5.90,£1.30 £1.40,£13,£9.97,,,hrs_5102482,Kirsty's Boy (IRE),25/1,26.0,2.0,5,2.0,.5,3.25,3,G,9-7,133,,1:25.63,74,71,50,,Liam Keniry,0,jky_234756,J S Moore,trn_46089,F J Stephens,own_693128,Tagula (IRE),sir_727524,Mayfair (GB),dam_3147151,Green Desert,dsi_2126159,Led until over 5f out - ridden and closed on leader over 2f out - every chance and driven over 1f out - weakened inside final furlong(op 14-1),https://www.rp-assets.com/svg/2/8/2/173282.svg
rac_6469060,2010-01-12,GB,Lingfield (AW),crs_10218,3:35,2010-01-12T15:35:00+00:00,Marsh Green Handicap,Flat,Class 4,,0-85,3yo,,7f,1541,1409.0,7f,Standard,AW,,1m 25.09s (slow by 3.09s),,,£5.90,£1.30 £1.40,£13,£9.97,,,hrs_5138826,Gold Party (GB),6/1,7.0,6.0,6,5.0,1.5,4.75,3,C,9-2,128,etb,1:25.88,69,62,41,,Jamie Spencer,0,jky_41067,Kevin McAuliffe,trn_73521,K W J Mcauliffe,own_226664,Bahamian Bounty (GB),sir_3136021,West River (USA),dam_3146584,Gone West,dsi_2129603,Awkward leaving stalls and slowly into stride - dashed up to lead over 5f out - soon clear - ridden 2f out - headed and edged left entering final furlong - weakened just inside final furlong - last and eased towards finish(op 10-1),https://www.rp-assets.com/svg/6/6/6/56666.svg
rac_6469047,2010-01-12,GB,Lingfield (AW),crs_10218,3:05,2010-01-12T15:05:00+00:00,Ashurst Wood Handicap,Flat,Class 6,,0-58,4yo+,,7f,1541,1409.0,7f,Standard,AW,,1m 24.32s (slow by 2.32s),,"Cavalry Guard (self certificate), Greystoke Prince (self certificate), Headache (travel problems)",£4.60,£1.90 £3.20 £6.90,£76,£60.69,£1004.54,,hrs_4478901,Art Market (CAN),4/1F,5.0,5.0,1,13.0,0,0,7,G,9-3,129,p,1:24.32,57,72,53,2047.20,Jamie Spencer,0,jky_41067,Jo Crowley,trn_176670,Exors Of The Late Mrs Liz Nelson,own_214328,Giant's Causeway (USA),sir_3591329,Fantasy Lake (USA),dam_4478887,Salt Lake,dsi_562289,Soon led and crossed over to rail - steadied gallop over 3f out - ridden and quickened clear well over 1f out - in no danger after - eased towards finish(op 9-2),https://www.rp-assets.com/svg/b/2/8/53582b.svg
rac_6469047,2010-01-12,GB,Lingfield (AW),crs_10218,3:05,2010-01-12T15:05:00+00:00,Ashurst Wood Handicap,Flat,Class 6,,0-58,4yo+,,7f,1541,1409.0,7f,Standard,AW,,1m 24.32s (slow by 2.32s),,"Cavalry Guard (self certificate), Greystoke Prince (self certificate), Headache (travel problems)",£4.60,£1.90 £3.20 £6.90,£76,£60.69,£1004.54,,hrs_4988081,Dicey Affair (GB),14/1,15.0,14.0,2,9.0,6,6,4,F,8-7,119,t,1:25.32,47,46,27,604.50,Liam Keniry,0,jky_234756,Gary Moore,trn_70497,Heart Of The South Racing,own_447464,Medicean (GB),sir_3697442,Lucky Dice (GB),dam_4988060,Perugino,dsi_590611,Held up towards rear - headway entering final 2f - switched right and driven 1f out - stayed on under pressure to go 2nd towards finish - no chance with winner(op 10-1),https://www.rp-assets.com/svg/6/6/8/111866.svg
rac_6455241,2010-01-14,GB,Wolverhampton (AW),crs_13338,5:40,2010-01-14T17:40:00+00:00,Bet Masters Snooker - Betdaq Conditions Stakes,Flat,Class 2,,,4yo+,,1m½f,1901,1738.0,8.5f,Standard,AW,,1m 50.55s (slow by 4.55s),,,£4.70,£2.10 £1.90,£19.60,£23.92,,,hrs_4985757,Splinter Cell (USA),100/30,4.33,6.0,2,5.0,3.25,3.25,4,C,8-13,125,,1:51.09,94,92,51,3172.20,Andrea Atzeni,0,jky_262047,Marco Botti,trn_81027,Op   Center,own_685724,Johannesburg (USA),sir_3833298,Rock Salt (GB),dam_4233649,Selkirk,dsi_435050,Held up in rear - came wide straight - ridden and headway over 1f out - hung left final furlong - took 2nd towards finish - no chance with winner(op 11-4 tchd 7-2),https://www.rp-assets.com/svg/1/3/4/171431.svg
rac_6455241,2010-01-14,GB,Wolverhampton (AW),crs_13338,5:40,2010-01-14T17:40:00+00:00,Bet Masters Snooker - Betdaq Conditions Stakes,Flat,Class 2,,,4yo+,,1m½f,1901,1738.0,8.5f,Standard,AW,,1m 50.55s (slow by 4.55s),,,£4.70,£2.10 £1.90,£19.60,£23.92,,,hrs_5059005,Balcarce Nov (ARG),7/4F,2.75,3.0,3,4.0,.5,3.75,4,C,9-0,126,,1:51.17,105,91,50,1586.10,Jamie Spencer,0,jky_41067,Tom Tate,trn_4491,Mrs Fitri Hay,own_448960,Romanov (IRE),sir_764631,Rosada Fitz (ARG),dam_5059012,Fitzcarraldo,dsi_3687068,Held up and behind - headway well over 1f out - ridden and one pace inside final furlong(op 11-4),https://www.rp-assets.com/svg/0/4/2/112240.svg
rac_6455241,2010-01-14,GB,Wolverhampton (AW),crs_13338,5:40,2010-01-14T17:40:00+00:00,Bet Masters Snooker - Betdaq Conditions Stakes,Flat,Class 2,,,4yo+,,1m½f,1901,1738.0,8.5f,Standard,AW,,1m 50.55s (slow by 4.55s),,,£4.70,£2.10 £1.90,£19.60,£23.92,,,hrs_5108138,Reve De Nuit (USA),4/1,5.0,1.0,4,6.0,1.25,5,4,C,9-4,130,,1:51.38,95,93,52,793.90,Declan Cannon,0,jky_250590,Alan McCabe,trn_167598,Jaber Ali Alsabah,own_518560,Giant's Causeway (USA),sir_3591329,My Dream Castles (USA),dam_3715166,Woodman,dsi_2126229,Held up - pushed along over 2f out - ridden well over 1f out - no impression when not clear run and switched right well inside final furlong(op 11-4),https://www.rp-assets.com/svg/b/0/4/129640b.svg
rac_6455241,2010-01-14,GB,Wolverhampton (AW),crs_13338,5:40,2010-01-14T17:40:00+00:00,Bet Masters Snooker - Betdaq Conditions Stakes,Flat,Class 2,,,4yo+,,1m½f,1901,1738.0,8.5f,Standard,AW,,1m 50.55s (slow by 4.55s),,,£4.70,£2.10 £1.90,£19.60,£23.92,,,hrs_5046832,Alsahil (USA),33/1,34.0,2.0,5,3.0,0.05,5,4,C,9-2,128,,1:51.39,80,91,50,396.10,Paul Hanagan,0,jky_230871,Micky Hammond,trn_45180,R D Bickenson,own_148660,Diesis (GB),sir_2104375,Tayibah (IRE),dam_3780273,Sadler's Wells,dsi_3247825,Soon led - ridden and headed just over 1f out - weakened well inside final furlong(op 28-1),https://www.rp-assets.com/svg/5/6/1/37165.svg
rac_6455241,2010-01-14,GB,Wolverhampton (AW),crs_13338,5:40,2010-01-14T17:40:00+00:00,Bet Masters Snooker - Betdaq Conditions Stakes,Flat,Class 2,,,4yo+,,1m½f,1901,1738.0,8.5f,Standard,AW,,1m 50.55s (slow by 4.55s),,,£4.70,£2.10 £1.90,£19.60,£23.92,,,hrs_4786684,Noble Citizen (USA),8/1,9.0,4.0,6,2.0,0.1,5.25,5,H,9-0,126,eb,1:51.44,98,88,47,198.90,Martin Lane,0,jky_250524,David Simcock,trn_145287,Khalifa Dasmal,own_43712,Proud Citizen (USA),sir_3862180,Serene Nobility (USA),dam_3367749,His Majesty,dsi_2107742,Led early - prominent - chased leader over 5f out until just over 2f out - weakened over 1f out(op 10-1),https://www.rp-assets.com/svg/8/2/9/10928.svg
rac_6455228,2010-01-14,GB,Wolverhampton (AW),crs_13338,5:10,2010-01-14T17:10:00+00:00,Sponsor A Race By Calling 01902 390000 Handicap,Flat,Class 5,,0-75,4yo+,,1m1½f,2083,1905.0,9.5f,Standard,AW,,2m 0.94s (slow by 4.24s),,"Monreale (self certificate), West End Lad (self certificate)",£2.60,£1.50 £4.70 £2.10,£69.80,£79.35,£448.74,,hrs_4981536,Chosen Forever (GB),2/1F,3.0,12.0,1,4.0,0,0,5,G,8-10,122,,2:0.94,65,76,70,2729.60,Jimmy Quinn,0,jky_7488,Geoff Oldroyd,trn_4752,R C Bond,own_387656,Choisir (AUS),sir_3920336,Forever Bond (GB),dam_4101440,Danetime,dsi_3136224,Always prominent - led well over 1f out - driven out(op 9-4 tchd 11-4),https://www.rp-assets.com/svg/4/1/9/96914.svg
rac_6455228,2010-01-14,GB,Wolverhampton (AW),crs_13338,5:10,2010-01-14T17:10:00+00:00,Sponsor A Race By Calling 01902 390000 Handicap,Flat,Class 5,,0-75,4yo+,,1m1½f,2083,1905.0,9.5f,Standard,AW,,2m 0.94s (slow by 4.24s),,"Monreale (self certificate), West End Lad (self certificate)",£2.60,£1.50 £4.70 £2.10,£69.80,£79.35,£448.74,,hrs_2830835,Boo (GB),33/1,34.0,8.0,2,7.0,1.25,1.25,8,G,9-0,126,v,2:1.15,69,74,71,806,Eddie Ahern,0,jky_38340,James Unett,trn_134487,M E Hughes,own_201936,Namaqualand (USA),sir_553322,Violet (IRE),dam_3382414,Mukaddamah,dsi_425817,Held up in mid-division - came wide straight - ridden and headway over 1f out - ran on to take 2nd inside final furlong - not trouble winner(op 28-1),https://www.rp-assets.com/svg/4/8/4/50484.svg
rac_6452940,2010-01-05,GB,Southwell (AW),crs_10244,3:40,2010-01-05T15:40:00+00:00,Southwell Golf Club Handicap,Flat,Class 6,,0-60,3yo,,6f,1336,1222.0,6f,Standard To Slow,AW,,1m 18.11s (slow by 4.91s),,Whitby (vet's certificate),£2.40,£1.60 £1.30,£3.90,£3.37,£12.61,£28.10,hrs_5154730,Charlottesometimes I (USA),20/1,21.0,5.0,6,3.0,0.3,7.5,3,F,8-7,119,,1:19.61,52,36,26,,Martin Lane,3,jky_250524,David Simcock,trn_145287,Mrs Ann Simcock,own_662272,Dehere (USA),sir_620886,Alexander Charlote (IRE),dam_4058481,Titus Livius,dsi_742126,Chased leaders - ridden along halfway - soon weakened,https://www.rp-assets.com/svg/8/6/5/165568.svg
rac_6452940,2010-01-05,GB,Southwell (AW),crs_10244,3:40,2010-01-05T15:40:00+00:00,Southwell Golf Club Handicap,Flat,Class 6,,0-60,3yo,,6f,1336,1222.0,6f,Standard To Slow,AW,,1m 18.11s (slow by 4.91s),,Whitby (vet's certificate),£2.40,£1.60 £1.30,£3.90,£3.37,£12.61,£28.10,hrs_5222735,Lets Move It (GB),33/1,34.0,6.0,7,1.0,1.75,9.25,3,G,8-8,120,v,1:19.96,50,29,18,,Hayley Turner,0,jky_236760,Derek Shaw,trn_52533,Mrs Lyndsey Shaw,own_667812,Piccolo (GB),sir_591094,Park Star (GB),dam_3929030,Gothenberg,dsi_723352,Led 1f - close up until ridden along halfway and soon weakened,https://www.rp-assets.com/svg/3/5/9/166953.svg
rac_6452927,2010-01-05,GB,Southwell (AW),crs_10244,3:10,2010-01-05T15:10:00+00:00,Hospitality At Southwell Racecourse Handicap,Flat,Class 6,,0-65,4yo+,,1m4f,2654,2427.0,12f,Standard To Slow,AW,,2m 42.67s (slow by 8.67s),,"Criterion (self certificate), La Columbina (travel problems)",£9.40,£2.90 £2.10 £3.70,£57.90,£49.33,£501.04,£463.60,hrs_4731181,Dream In Blue (GB),13/2,7.5,2.0,1,7.0,0,0,5,G,9-7,133,p,2:42.67,65,73,53,1774.24,Dane O'Neill,0,jky_39951,Jeremy Glover,trn_5085,Paul J Dixon Brian Morton,own_653644,Oasis Dream (GB),sir_3960579,Blue Birds Fly (GB),dam_494396,Rainbow Quest,dsi_2124080,In touch - pushed along over 3f out - ridden over 2f out - driven well over 1f out - stayed on under pressure inside final furlong to lead near finish(op 8-1 tchd 6-1),https://www.rp-assets.com/svg/1/1/4/163411.svg
rac_6452927,2010-01-05,GB,Southwell (AW),crs_10244,3:10,2010-01-05T15:10:00+00:00,Hospitality At Southwell Racecourse Handicap,Flat,Class 6,,0-65,4yo+,,1m4f,2654,2427.0,12f,Standard To Slow,AW,,2m 42.67s (slow by 8.67s),,"Criterion (self certificate), La Columbina (travel problems)",£9.40,£2.90 £2.10 £3.70,£57.90,£49.33,£501.04,£463.60,hrs_5034736,Silken Promise (USA),13/2,7.5,8.0,2,2.0,0.2,0.2,4,F,8-9,121,p,2:42.71,57,64,45,523.90,Robert Winston,0,jky_43566,Walter Swinburn,trn_149391,The Pulpit Congregation,own_679912,Pulpit (USA),sir_3219048,Banksia (GB),dam_4092522,Marju,dsi_425999,Made most - ridden clear 3f out - driven over 1f out - headed and no extra near finish(op 5-1),https://www.rp-assets.com/svg/8/7/9/169978.svg
rac_6452927,2010-01-05,GB,Southwell (AW),crs_10244,3:10,2010-01-05T15:10:00+00:00,Hospitality At Southwell Racecourse Handicap,Flat,Class 6,,0-65,4yo+,,1m4f,2654,2427.0,12f,Standard To Slow,AW,,2m 42.67s (slow by 8.67s),,"Criterion (self certificate), La Columbina (travel problems)",£9.40,£2.90 £2.10 £3.70,£57.90,£49.33,£501.04,£463.60,hrs_4961985,Charging Indian (IRE),12/1,13.0,7.0,3,11.0,.75,1,4,G,9-3,129,b,2:42.87,65,71,52,262.08,Tony Culhane,0,jky_2526,Paul Midgley,trn_143532,David Mann,own_218028,Chevalier (IRE),sir_3955546,Kathy Tolfa (IRE),dam_4886889,Sri Pekan,dsi_651812,Held up in rear - took closer order 4f out - good headway on inner 3f out - chased clear leader over 2f out and soon ridden - driven and every chance inside final furlong - no extra last 100yds(op 10-1),https://www.rp-assets.com/svg/b/7/0/54507b.svg
rac_6452927,2010-01-05,GB,Southwell (AW),crs_10244,3:10,2010-01-05T15:10:00+00:00,Hospitality At Southwell Racecourse Handicap,Flat,Class 6,,0-65,4yo+,,1m4f,2654,2427.0,12f,Standard To Slow,AW,,2m 42.67s (slow by 8.67s),,"Criterion (self certificate), La Columbina (travel problems)",£9.40,£2.90 £2.10 £3.70,£57.90,£49.33,£501.04,£463.60,hrs_4791633,Brave Mave (GB),8/1,9.0,6.0,4,10.0,8,9,5,M,9-5,131,,2:44.47,63,56,36,,Shane Kelly,0,jky_41100,Jane Chapple-Hyam,trn_160659,J W Munroe Construction Ltd,own_637076,Daylami (IRE),sir_763784,Baalbek (GB),dam_3508134,Barathea,dsi_510454,Held up towards rear - effort and some headway 4f out - ridden along 3f out - soon driven and plugged on same pace final 2f(op 11-1),https://www.rp-assets.com/svg/9/6/2/159269.svg
rac_6452927,2010-01-05,GB,Southwell (AW),crs_10244,3:10,2010-01-05T15:10:00+00:00,Hospitality At Southwell Racecourse Handicap,Flat,Class 6,,0-65,4yo+,,1m4f,2654,2427.0,12f,Standard To Slow,AW,,2m 42.67s (slow by 8.67s),,"Criterion (self certificate), La Columbina (travel problems)",£9.40,£2.90 £2.10 £3.70,£57.90,£49.33,£501.04,£463.60,hrs_4949385,Eightdaysaweek (GB),6/1,7.0,10.0,5,4.0,3.25,12.25,4,F,8-4,116,p,2:45.12,55,43,22,,Martin Lane,3,jky_250524,Alan McCabe,trn_167598,T R Pearson,own_59232,Montjeu (IRE),sir_3521238,Figlette (GB),dam_4692002,Darshaan,dsi_2104116,Held up in rear - good headway 4f out - tracked leaders 3f out - soon ridden and beaten over 2f out(op 5-1),https://www.rp-assets.com/svg/b/8/0/14808b.svg
rac_6465147,2010-01-03,USA,Gulfstream Park (USA),crs_7072,9:43,2010-01-03T21:43:00+00:00,Hal's Hope Stakes  (Dirt),Flat,,Grade 3,,4yo+,,1m,1760,1609.0,8f,Fast,Dirt,,1m 36.33s,,,,,,,,,hrs_5170893,Le Grand Cru (USA),8/1,9.0,,6,5.0,6,13.25,5,H,8-8,120,b,1:38.54,–,93,–,1234.57,Jose Lezcano,0,jky_253947,H Allen Jerkens,trn_31878,Judson L Streicher,own_372012,Dynaformer (USA),sir_2134608,Ice The Champagne (USA),dam_5170900,El Gran Senor,dsi_2105005,,https://www.rp-assets.com/svg/3/0/0/93003.svg
rac_6465147,2010-01-03,USA,Gulfstream Park (USA),crs_7072,9:43,2010-01-03T21:43:00+00:00,Hal's Hope Stakes  (Dirt),Flat,,Grade 3,,4yo+,,1m,1760,1609.0,8f,Fast,Dirt,,1m 36.33s,,,,,,,,,hrs_5213733,Colonial Causeway (USA),92/1,93.0,,7,4.0,1.25,14.5,6,H,8-4,116,b,1:38.75,–,87,–,,Cornelio H Velasquez,0,jky_42630,Manuel J Azpurua,trn_118080,Erre Ene Inc,own_711780,Giant's Causeway (USA),sir_3591329,Probable Colony (USA),dam_3880415,Pleasant Colony,dsi_2113076,,https://www.rp-assets.com/svg/5/4/9/177945.svg
rac_6465147,2010-01-03,USA,Gulfstream Park (USA),crs_7072,9:43,2010-01-03T21:43:00+00:00,Hal's Hope Stakes  (Dirt),Flat,,Grade 3,,4yo+,,1m,1760,1609.0,8f,Fast,Dirt,,1m 36.33s,,,,,,,,,hrs_4722662,Spin Master (USA),198/10,20.8,,8,8.0,.5,15,6,H,8-4,116,,1:38.83,–,86,–,,Alan Garcia,0,jky_253203,Steven B Klesaris,trn_324666,Eldon Farm Equine Llc And John K Luke,own_636904,Distorted Humor (USA),sir_3336389,S S Miracle (USA),dam_4770619,Seattle Slew,dsi_2115512,,https://www.rp-assets.com/svg/6/2/2/159226.svg
rac_6465147,2010-01-03,USA,Gulfstream Park (USA),crs_7072,9:43,2010-01-03T21:43:00+00:00,Hal's Hope Stakes  (Dirt),Flat,,Grade 3,,4yo+,,1m,1760,1609.0,8f,Fast,Dirt,,1m 36.33s,,,,,,,,,hrs_5195757,Suyeta (USA),116/1,117.0,,9,6.0,25,40,4,G,8-4,116,b,1:43.00,–,36,–,,Tony Farina,0,jky_43047,Michael P Leahy,trn_188424,Chandley Farms Llc,own_708828,Indian Charlie (USA),sir_3403477,American Moud (USA),dam_5195750,Quiet American,dsi_5586742,,https://www.rp-assets.com/svg/7/0/2/177207.svg
rac_6465134,2010-01-03,USA,Santa Anita (USA),crs_6682,11:36,2010-01-03T23:36:00+00:00,Monrovia Handicap  (Fillies & Mares) (Turf),Flat,,Grade 3,,4yo+,F & M,6½f,1430,1308.0,6.5f,Firm,Turf,,1m 12.56s,,,,,,,,,hrs_4757557,Tuscan Evening (IRE),6/4F,2.5,,1,8.0,0,0,5,M,8-9,121,,1:12.56,–,110,–,37037.04,Rafael Bejarano,0,jky_247719,Jerry Hollendorfer,trn_94707,William Deburgh,own_641024,Oasis Dream (GB),sir_3960579,The Faraway Tree (GB),dam_3146318,Suave Dancer,dsi_457604,,https://www.rp-assets.com/svg/6/5/2/160256.svg
rac_6465134,2010-01-03,USA,Santa Anita (USA),crs_6682,11:36,2010-01-03T23:36:00+00:00,Monrovia Handicap  (Fillies & Mares) (Turf),Flat,,Grade 3,,4yo+,F & M,6½f,1430,1308.0,6.5f,Firm,Turf,,1m 12.56s,,,,,,,,,hrs_4853394,Czechers (USA),47/1,48.0,,2,1.0,1,1,5,M,8-3,115,,1:12.73,–,101,–,12345.68,Chantal Sutherland,0,jky_241686,Mark Glatt,trn_147474,Allen Susan Branch,own_708212,Indian Charlie (USA),sir_3403477,Pine Rob (USA),dam_4629695,Pine Bluff,dsi_504854,,https://www.rp-assets.com/svg/3/5/0/177053.svg
rac_6465134,2010-01-03,USA,Santa Anita (USA),crs_6682,11:36,2010-01-03T23:36:00+00:00,Monrovia Handicap  (Fillies & Mares) (Turf),Flat,,Grade 3,,4yo+,F & M,6½f,1430,1308.0,6.5f,Firm,Turf,,1m 12.56s,,,,,,,,,hrs_5006197,Empressive Lady (USA),41/1,42.0,,3,10.0,0.3,1.25,4,F,8-3,115,b,1:12.77,–,100,–,7407.40,Victor Espinoza,0,jky_43407,Jeff Mullins,trn_130239,Michael House,own_244160,Empire Maker (USA),sir_4034121,Racey Player (USA),dam_5006155,A P Indy,dsi_3251815,,https://www.rp-assets.com/svg/0/4/0/61040.svg
rac_6465082,2010-01-01,USA,Gulfstream Park West (USA),crs_10348,9:15,2010-01-01T21:15:00+00:00,Tropical Park Derby  (Turf),Flat,,Grade 3,,3yo,,1m1f,1981,1811.0,9f,Yielding,Turf,,1m 52.89s,,,,,,,,,hrs_5244001,King Prada (USA),64/1,65.0,,11,7.0,27,47.5,3,C,8-3,115,b,2:2.39,–,–,–,,Carlos H Marquez Jr,0,jky_282798,Timothy Ritvo,trn_160029,Derek George,own_624620,El Prado (IRE),sir_467796,King's Interest (USA),dam_5244050,Kingmambo,dsi_553315,,https://www.rp-assets.com/svg/5/5/1/156155.svg
rac_6465069,2010-01-01,USA,Santa Anita (USA),crs_6682,11:07,2010-01-01T11:07:00+00:00,Seasonal Star Handicap (Turf),Flat,,,,4yo+,,6½f,1430,1308.0,6.5f,Firm,Turf,,1m 12.42s,,,,,,,,,hrs_5128144,Compari (USA),13/10F,2.3,,1,4.0,0,0,4,G,8-5,117,,1:12.42,–,112,–,37037.04,G K Gomez,0,jky_31620,Martin F Jones,trn_151461,Harris Farms Inc John Nicoletti Donald Valpredo,own_734812,Redattore (BRZ),sir_3853990,Southern Charm (USA),dam_5024866,Dixieland Band,dsi_2104459,,https://www.rp-assets.com/svg/3/0/7/183703.svg
rac_6465069,2010-01-01,USA,Santa Anita (USA),crs_6682,11:07,2010-01-01T11:07:00+00:00,Seasonal Star Handicap (Turf),Flat,,,,4yo+,,6½f,1430,1308.0,6.5f,Firm,Turf,,1m 12.42s,,,,,,,,,hrs_5207552,Enriched (USA),5/1,6.0,,2,3.0,1.75,1.75,5,G,8-4,116,b,1:12.71,–,106,–,12345.68,M C Baze,0,jky_250470,Doug O'Neill,trn_138879,Westside Rentalscom Haynes Oneill,own_715216,High Brite (USA),sir_2136540,Li'l Ms Leonard (USA),dam_4333448,Nostalgia's Star,dsi_4333462,,https://www.rp-assets.com/svg/4/0/8/178804.svg
rac_6465069,2010-01-01,USA,Santa Anita (USA),crs_6682,11:07,2010-01-01T11:07:00+00:00,Seasonal Star Handicap (Turf),Flat,,,,4yo+,,6½f,1430,1308.0,6.5f,Firm,Turf,,1m 12.42s,,,,,,,,,hrs_5244078,Live Sundays (USA),41/5,9.2,,3,6.0,.75,2.5,4,G,8-5,117,,1:12.84,–,105,–,7407.40,Joseph Talamo,0,jky_258672,Charles J Jenda,trn_138771,Hajji Farm,own_717796,High Brite (USA),sir_2136540,Thisisyourluckyday (USA),dam_5244085,Rich Cream,dsi_2114336,,https://www.rp-assets.com/svg/9/4/4/179449.svg
rac_6465069,2010-01-01,USA,Santa Anita (USA),crs_6682,11:07,2010-01-01T11:07:00+00:00,Seasonal Star Handicap (Turf),Flat,,,,4yo+,,6½f,1430,1308.0,6.5f,Firm,Turf,,1m 12.42s,,,,,,,,,hrs_5244064,Mobilized (USA),31/5,7.2,,4,2.0,.75,3.25,4,C,8-0,112,,1:12.96,–,98,–,3703.71,Rafael Bejarano,0,jky_247719,Gary Mandella,trn_141093,Robert E Reseigne,own_717792,Soul Of The Matter (USA),sir_660254,Valleyofthebells (USA),dam_5244071,Red Ransom,dsi_2135231,,https://www.rp-assets.com/svg/8/4/4/179448.svg
rac_6465069,2010-01-01,USA,Santa Anita (USA),crs_6682,11:07,2010-01-01T11:07:00+00:00,Seasonal Star Handicap (Turf),Flat,,,,4yo+,,6½f,1430,1308.0,6.5f,Firm,Turf,,1m 12.42s,,,,,,,,,hrs_4804408,Big Bad Leroybrown (USA),113/10,12.3,,5,1.0,1.75,5,6,H,8-5,117,,1:13.25,–,98,–,1234.57,Tyler Baze,0,jky_238032,Donald Warren,trn_73242,E Eichler E W Johnston E Masry Et Al,own_639308,Wild Again (USA),sir_2126271,Saboteur (USA),dam_4804415,Corwyn Bay,dsi_286566,,https://www.rp-assets.com/svg/7/2/8/159827.svg
rac_6465069,2010-01-01,USA,Santa Anita (USA),crs_6682,11:07,2010-01-01T11:07:00+00:00,Seasonal Star Handicap (Turf),Flat,,,,4yo+,,6½f,1430,1308.0,6.5f,Firm,Turf,,1m 12.42s,,,,,,,,,hrs_4453498,Shadow Of Illinois (USA),27/10,3.7,,6,5.0,0.05,5,10,G,8-4,116,b,1:13.26,–,96,–,,Alex O Solis,0,jky_9792,Anthony K Saavedra,trn_157554,Jennifer M Saavedra,own_679096,Illinois Storm (USA),sir_4269076,My Annie T (USA),dam_4453491,Trempolino,dsi_2129680,,https://www.rp-assets.com/svg/4/7/7/169774.svg
rac_6465043,2010-01-01,NZ,Ellerslie (NZ),crs_9880,6:46,2010-01-01T06:46:00+00:00,Blandford Lodge Railway Stakes,Flat,,Group 1,,3yo+,,6f,1320,1200.0,6f,Good,Turf,,1m 9.34s,,"Irish Colleen, Raid, Tootsie, Vonusti",,,,,,,hrs_5114914,Snipza Gold (NZ),,,12.0,8,11.0,0.1,4.25,6,M,8-5,117,b,1:10.06,–,–,–,896.86,James McDonald,0,jky_261336,Mark Walker,trn_126693,D Ansford Et Al,own_695552,Pins (AUS),sir_3636948,Golden Dawn (NZ),dam_5111050,Gold Brose,dsi_3578932,,https://www.rp-assets.com/svg/8/8/8/173888.svg
rac_6465043,2010-01-01,NZ,Ellerslie (NZ),crs_9880,6:46,2010-01-01T06:46:00+00:00,Blandford Lodge Railway Stakes,Flat,,Group 1,,3yo+,,6f,1320,1200.0,6f,Good,Turf,,1m 9.34s,,"Irish Colleen, Raid, Tootsie, Vonusti",,,,,,,hrs_4860268,King Mufhasa (NZ),,,1.0,9,1.0,0.1,4.25,5,G,9-4,130,,1:10.06,–,–,–,896.86,Samantha Spratt,0,jky_243198,Stephen McKee,trn_169362,D L Archer Mrs D J Wright Et Al,own_649004,Pentire (GB),sir_668262,Sheila Cheval (NZ),dam_4860212,Mi Preferido,dsi_3327590,,https://www.rp-assets.com/svg/1/5/2/162251.svg
rac_6465043,2010-01-01,NZ,Ellerslie (NZ),crs_9880,6:46,2010-01-01T06:46:00+00:00,Blandford Lodge Railway Stakes,Flat,,Group 1,,3yo+,,6f,1320,1200.0,6f,Good,Turf,,1m 9.34s,,"Irish Colleen, Raid, Tootsie, Vonusti",,,,,,,hrs_5243910,Stupendous (NZ),,,8.0,10,15.0,1,5.25,5,G,8-10,122,,1:10.22,–,–,–,,Kelly Myers,0,jky_245181,Kevin Myers,trn_120645,W S Phillips Phillips Thoroughbreds Ltd,own_757644,Pentire (GB),sir_668262,Flying Catalina (NZ),dam_5243882,Pre Catelan,dsi_3374567,,https://www.rp-assets.com/svg/1/1/4/189411.svg
rac_6465043,2010-01-01,NZ,Ellerslie (NZ),crs_9880,6:46,2010-01-01T06:46:00+00:00,Blandford Lodge Railway Stakes,Flat,,Group 1,,3yo+,,6f,1320,1200.0,6f,Good,Turf,,1m 9.34s,,"Irish Colleen, Raid, Tootsie, Vonusti",,,,,,,hrs_5076554,Ruud Van Slaats (NZ),,,7.0,11,9.0,0.1,5.5,5,M,8-11,123,,1:10.27,–,–,–,,Mark Du Plessis,0,jky_231771,John Sargent,trn_111825,B M Mrs C N Mrs F P Taylor Et Al,own_728436,Van Nistelrooy (USA),sir_3957996,Quintilla (AUS),dam_5076491,Danehill,dsi_296611,,https://www.rp-assets.com/svg/9/0/1/182109.svg
rac_6465043,2010-01-01,NZ,Ellerslie (NZ),crs_9880,6:46,2010-01-01T06:46:00+00:00,Blandford Lodge Railway Stakes,Flat,,Group 1,,3yo+,,6f,1320,1200.0,6f,Good,Turf,,1m 9.34s,,"Irish Colleen, Raid, Tootsie, Vonusti",,,,,,,hrs_4501259,Bulginbaah (NZ),,,4.0,12,8.0,1,6.5,9,G,8-11,123,b,1:10.42,–,–,–,,Trudy Thornton,0,jky_242982,Ken Cropp & Catherine Wilson,trn_168588,K Miss M Cropp Et Al,own_582316,Starjo (NZ),sir_3276371,Lady Tristimus (NZ),dam_4501126,Tristimus,dsi_4501140,,https://www.rp-assets.com/svg/9/7/5/145579.svg
rac_6465043,2010-01-01,NZ,Ellerslie (NZ),crs_9880,6:46,2010-01-01T06:46:00+00:00,Blandford Lodge Railway Stakes,Flat,,Group 1,,3yo+,,6f,1320,1200.0,6f,Good,Turf,,1m 9.34s,,"Irish Colleen, Raid, Tootsie, Vonusti",,,,,,,hrs_4874541,Pinsoir (NZ),,,3.0,13,12.0,0.2,6.5,7,G,9-0,126,b,1:10.46,–,–,–,,Michael Coleman,0,jky_263754,Paul Duncan,trn_111735,W I Bowyer A G Robins Et Al,own_651760,Pins (AUS),sir_3636948,Variety Star (NZ),dam_4874457,Famous Star,dsi_2134734,,https://www.rp-assets.com/svg/0/4/9/162940.svg
rac_6465043,2010-01-01,NZ,Ellerslie (NZ),crs_9880,6:46,2010-01-01T06:46:00+00:00,Blandford Lodge Railway Stakes,Flat,,Group 1,,3yo+,,6f,1320,1200.0,6f,Good,Turf,,1m 9.34s,,"Irish Colleen, Raid, Tootsie, Vonusti",,,,,,,hrs_4928819,The Chunkster (AUS),,,11.0,14,2.0,1.75,8.25,6,M,8-5,117,,1:10.72,–,–,–,,Matthew Cameron,0,jky_254304,Richard Sherwin,trn_200151,Dato K S Yap,own_717760,Blevic (AUS),sir_3829483,Racer's Belle (AUS),dam_4928700,Racer's Edge,dsi_3796093,,https://www.rp-assets.com/svg/0/4/4/179440.svg
rac_6469723,2010-01-08,UAE,Jebel Ali (UAE),crs_14690,10:30,2010-01-08T10:30:00+00:00,Serve.U Facilities Management (Conditions Race) (Dirt),Flat,,,,3yo,,6f,1320,1200.0,6f,Fast,Dirt,,1m 12.98s (slow by 2.18s),,Kingdom Beauty,,,,,,,hrs_5201721,High Comedy (GB),,,10.0,4,1.0,.5,6.25,3,C,8-5,117,,1:14.02,–,63,–,755.03,Antioco Murgia,5,jky_262101,M Al Subouse,trn_200250,Ss Syndicate,own_718332,Exceed And Excel (AUS),sir_4045216,Ecstatic (GB),dam_3708859,Nashwan,dsi_301448,Chased leaders - every chance 2f out - one pace final furlong,https://www.rp-assets.com/svg/3/8/5/179583.svg
rac_6469723,2010-01-08,UAE,Jebel Ali (UAE),crs_14690,10:30,2010-01-08T10:30:00+00:00,Serve.U Facilities Management (Conditions Race) (Dirt),Flat,,,,3yo,,6f,1320,1200.0,6f,Fast,Dirt,,1m 12.98s (slow by 2.18s),,Kingdom Beauty,,,,,,,hrs_5152245,Dahes (IRE),,,8.0,5,7.0,3.5,9.75,3,C,8-10,122,,1:14.61,–,52,–,377.52,Wayne Smith,0,jky_239511,A R Al Rayhi,trn_131787,Ali Rashid Al Raihe,own_702016,Azamour (IRE),sir_4094377,Delphie Queen (IRE),dam_4069863,Desert Sun,dsi_442792,Tracked leaders - ridden 2 1/2f out - one pace final furlong,https://www.rp-assets.com/svg/4/0/5/175504.svg
rac_6469723,2010-01-08,UAE,Jebel Ali (UAE),crs_14690,10:30,2010-01-08T10:30:00+00:00,Serve.U Facilities Management (Conditions Race) (Dirt),Flat,,,,3yo,,6f,1320,1200.0,6f,Fast,Dirt,,1m 12.98s (slow by 2.18s),,Kingdom Beauty,,,,,,,hrs_5247928,Boss Professor (ARG),,,1.0,6,11.0,3.5,13.25,3,G,9-2,128,,1:15.19,–,32,–,,P Devlin,0,jky_3948,M F De Kock,trn_99486,Mohammed Jaber,own_247052,Orpen (USA),sir_3499902,The Dance Lady (USA),dam_5247907,Pleasant Tap,dsi_444108,Tracked leaders until 2 1/2f out - one pace final 1 1/2f,https://www.rp-assets.com/svg/3/6/7/61763.svg
rac_6469723,2010-01-08,UAE,Jebel Ali (UAE),crs_14690,10:30,2010-01-08T10:30:00+00:00,Serve.U Facilities Management (Conditions Race) (Dirt),Flat,,,,3yo,,6f,1320,1200.0,6f,Fast,Dirt,,1m 12.98s (slow by 2.18s),,Kingdom Beauty,,,,,,,hrs_5247963,Jodi (ARG),,,4.0,7,10.0,3.25,16.5,3,F,9-1,127,,1:15.73,–,21,–,,K Shea,0,jky_230523,M F De Kock,trn_99486,Mohammed Jaber,own_247052,Matty G (USA),sir_762475,Joying (ARG),dam_5247914,Roy,dsi_3562979,Chased leaders - one pace final 2f,https://www.rp-assets.com/svg/b/3/6/61763b.svg
rac_6469723,2010-01-08,UAE,Jebel Ali (UAE),crs_14690,10:30,2010-01-08T10:30:00+00:00,Serve.U Facilities Management (Conditions Race) (Dirt),Flat,,,,3yo,,6f,1320,1200.0,6f,Fast,Dirt,,1m 12.98s (slow by 2.18s),,Kingdom Beauty,,,,,,,hrs_5247879,Sensational Day (USA),,,15.0,8,15.0,.5,17,3,F,8-3,115,,1:15.81,–,24,–,,Tadhg O'Shea,0,jky_231042,Doug Watson,trn_144441,Malih L Al Basti,own_922540,Action This Day (USA),sir_4106137,Gold Bowl (USA),dam_4988389,Seeking The Gold,dsi_2133222,Chased leaders for 3f - one pace final 2f,https://www.rp-assets.com/svg/5/3/6/230635.svg
rac_6469723,2010-01-08,UAE,Jebel Ali (UAE),crs_14690,10:30,2010-01-08T10:30:00+00:00,Serve.U Facilities Management (Conditions Race) (Dirt),Flat,,,,3yo,,6f,1320,1200.0,6f,Fast,Dirt,,1m 12.98s (slow by 2.18s),,Kingdom Beauty,,,,,,,hrs_5247956,Ramadi (USA),,,12.0,9,14.0,2.75,19.75,3,C,8-7,119,b,1:16.27,–,19,–,,Richard Thomas,0,jky_225057,A R Al Rayhi,trn_131787,Sheikh Saeed Bin Mohammed Al Maktoum,own_445192,Seeking The Gold (USA),sir_2133222,The Caretaker (IRE),dam_361984,Caerleon,dsi_2102597,Never able to challenge,https://www.rp-assets.com/svg/8/9/2/111298.svg
rac_6469723,2010-01-08,UAE,Jebel Ali (UAE),crs_14690,10:30,2010-01-08T10:30:00+00:00,Serve.U Facilities Management (Conditions Race) (Dirt),Flat,,,,3yo,,6f,1320,1200.0,6f,Fast,Dirt,,1m 12.98s (slow by 2.18s),,Kingdom Beauty,,,,,,,hrs_5247872,Ambush Boy (USA),,,11.0,10,4.0,1.75,21.5,3,C,8-7,119,,1:16.56,–,14,–,,Daragh O'Donohoe,0,jky_27204,Doug Watson,trn_144441,Abdulmohsen Al Abdulkareem,own_852848,Forest Camp (USA),sir_3642205,Coastal Flag (USA),dam_4251303,Boston Harbor,dsi_3196473,Never able to challenge,https://www.rp-assets.com/svg/2/1/2/213212.svg
rac_6469359,2010-01-10,JPN,Kyoto (JPN),crs_13104,11:07,2010-01-10T11:07:00+00:00,Nikkan Sports Sho Shinzan Kinen  (Turf),Flat,,Grade 3,,3yo,,1m,1760,1600.0,8f,Firm,Turf,,1m 34.30s,,,,,,,,,hrs_5241502,A Shin Whity (JPN),,,,7,15.0,0.3,5.25,3,C,8-11,123,,1:35.17,–,95,–,,Katsumi Ando,0,jky_235746,Shigeki Matsumoto,trn_64971,Eishindo Co Ltd,own_841472,Sakura Bakushin O (JPN),sir_662067,Rising Sunday (JPN),dam_5241474,Sunday Silence,dsi_3259459,,https://www.rp-assets.com/svg/8/6/3/210368.svg
rac_6469359,2010-01-10,JPN,Kyoto (JPN),crs_13104,11:07,2010-01-10T11:07:00+00:00,Nikkan Sports Sho Shinzan Kinen  (Turf),Flat,,Grade 3,,3yo,,1m,1760,1600.0,8f,Firm,Turf,,1m 34.30s,,,,,,,,,hrs_5247424,Shigeru Motonari (JPN),,,,8,11.0,.75,6,3,C,8-11,123,,1:35.30,–,93,–,,Yuichi Kitamura,0,jky_261276,Norihito Fujioka,trn_135504,Shigeru Morinaka,own_237520,Marvelous Sunday (JPN),sir_3204831,Superbe (JPN),dam_5247473,Mr C B,dsi_3536869,,https://www.rp-assets.com/svg/0/8/3/59380.svg
rac_6469359,2010-01-10,JPN,Kyoto (JPN),crs_13104,11:07,2010-01-10T11:07:00+00:00,Nikkan Sports Sho Shinzan Kinen  (Turf),Flat,,Grade 3,,3yo,,1m,1760,1600.0,8f,Firm,Turf,,1m 34.30s,,,,,,,,,hrs_5247417,Reto (JPN),,,,9,8.0,0.2,6,3,C,8-11,123,,1:35.33,–,93,–,,Hatsuhiro Kowata,0,jky_241479,Shinobu Honma,trn_169128,Toshiaki Date,own_668204,Zachariah (GB),sir_3597237,Repartee (JPN),dam_4686976,Commander In Chief,dsi_583702,,https://www.rp-assets.com/svg/1/5/0/167051.svg
rac_6469359,2010-01-10,JPN,Kyoto (JPN),crs_13104,11:07,2010-01-10T11:07:00+00:00,Nikkan Sports Sho Shinzan Kinen  (Turf),Flat,,Grade 3,,3yo,,1m,1760,1600.0,8f,Firm,Turf,,1m 34.30s,,,,,,,,,hrs_5241495,Kyoei Asura (JPN),,,,10,9.0,.5,6.5,3,C,8-11,123,,1:35.38,–,92,–,,Kosei Miura,0,jky_226173,Yoshito Yahagi,trn_161676,Haruo Tanaka,own_717224,Swept Overboard (USA),sir_3764012,Sun Shower Kiss (JPN),dam_5241397,Amber Shadai,dsi_3251990,,https://www.rp-assets.com/svg/6/0/3/179306.svg
rac_6469359,2010-01-10,JPN,Kyoto (JPN),crs_13104,11:07,2010-01-10T11:07:00+00:00,Nikkan Sports Sho Shinzan Kinen  (Turf),Flat,,Grade 3,,3yo,,1m,1760,1600.0,8f,Firm,Turf,,1m 34.30s,,,,,,,,,hrs_5247410,Pisa No Ulysses (JPN),,,,11,2.0,.75,7.25,3,C,8-11,123,,1:35.51,–,90,–,,Hirofumi Shii,0,jky_40218,Takayuki Yasuda,trn_132570,Yoshimi Ichikawa,own_466892,Agnes Tachyon (JPN),sir_4537442,Brooklyn Heights (JPN),dam_5185677,Dr Devious,dsi_466858,,https://www.rp-assets.com/svg/3/2/7/116723.svg
rac_6469359,2010-01-10,JPN,Kyoto (JPN),crs_13104,11:07,2010-01-10T11:07:00+00:00,Nikkan Sports Sho Shinzan Kinen  (Turf),Flat,,Grade 3,,3yo,,1m,1760,1600.0,8f,Firm,Turf,,1m 34.30s,,,,,,,,,hrs_5236616,Tagano Palme D'Or (JPN),,,,12,14.0,0.2,7.5,3,F,8-7,119,,1:35.58,–,86,–,,Kota Fujioka,0,jky_262188,Toru Miya,trn_109422,Shoji Yagi,own_716568,Chief Bearhart (CAN),sir_3148138,Tagano Pierce (JPN),dam_5077128,Dance In The Dark,dsi_3140641,,https://www.rp-assets.com/svg/2/4/1/179142.svg
rac_6469359,2010-01-10,JPN,Kyoto (JPN),crs_13104,11:07,2010-01-10T11:07:00+00:00,Nikkan Sports Sho Shinzan Kinen  (Turf),Flat,,Grade 3,,3yo,,1m,1760,1600.0,8f,Firm,Turf,,1m 34.30s,,,,,,,,,hrs_5247403,Meisho Kampaku (JPN),,,,13,16.0,0.2,7.75,3,C,8-11,123,,1:35.62,–,89,–,,Yutaka Take,0,jky_31221,Yoshiyuki Arakawa,trn_180756,Yoshio Matsumoto,own_351740,Grass Wonder (USA),sir_3358313,Dancing Happiness (JPN),dam_5247466,Dance In The Dark,dsi_3140641,,https://www.rp-assets.com/svg/5/3/9/87935.svg
rac_6465576,2010-01-08,GB,Southwell (AW),crs_10244,3:45,2010-01-08T15:45:00+00:00,Southwell Handicap,Flat,Class 7,,0-50,4yo+,,1m4f,2654,2427.0,12f,Slow,AW,,2m 50.10s (slow by 16.10s),,"Ashmolian (travel problems), Home (travel problems), Just Beware (travel problems), Oniz Tiptoes (travel problems), Stravita (self certificate)",£2.60,£1.40 £2.70 £2,£19.10,£18.44,£91.03,,hrs_4972751,Hassadin (GB),15/2,8.5,14.0,3,9.0,0.3,4.25,4,G,8-4,116,,2:50.95,45,48,28,252,Amy Baker,5,jky_249741,Andrew Haynes,trn_148230,Ms C Berry,own_593760,Reset (AUS),sir_4147332,Crocolat (GB),dam_4187407,Croco Rouge,dsi_3261006,Soon pushed along in rear - headway over 3f out - kept on - not reach leaders,https://www.rp-assets.com/svg/0/4/4/148440.svg
rac_6465576,2010-01-08,GB,Southwell (AW),crs_10244,3:45,2010-01-08T15:45:00+00:00,Southwell Handicap,Flat,Class 7,,0-50,4yo+,,1m4f,2654,2427.0,12f,Slow,AW,,2m 50.10s (slow by 16.10s),,"Ashmolian (travel problems), Home (travel problems), Just Beware (travel problems), Oniz Tiptoes (travel problems), Stravita (self certificate)",£2.60,£1.40 £2.70 £2,£19.10,£18.44,£91.03,,hrs_4034513,Black Falcon (IRE),9/1,10.0,3.0,4,3.0,1,5.25,10,G,8-11,123,,2:51.15,48,49,29,,Mark Coumbe,5,jky_240255,John Harris,trn_96354,Mrs A E Harris,own_5972,In The Wings (GB),sir_312270,Muwasim (USA),dam_3508393,Meadowlake,dsi_2126201,Slowly into stride - held up - headway over 3f out - hung left from over 1f out - not reach leaders (jockey said gelding hung left-handed throughout),https://www.rp-assets.com/svg/3/9/4/1493.svg
rac_6465576,2010-01-08,GB,Southwell (AW),crs_10244,3:45,2010-01-08T15:45:00+00:00,Southwell Handicap,Flat,Class 7,,0-50,4yo+,,1m4f,2654,2427.0,12f,Slow,AW,,2m 50.10s (slow by 16.10s),,"Ashmolian (travel problems), Home (travel problems), Just Beware (travel problems), Oniz Tiptoes (travel problems), Stravita (self certificate)",£2.60,£1.40 £2.70 £2,£19.10,£18.44,£91.03,,hrs_4603683,Satindra (IRE),15/2,8.5,8.0,5,4.0,3.5,8.75,6,G,8-13,125,tp,2:51.85,45,40,20,,Phillip Makin,0,jky_243447,Conor Dore,trn_138447,D C Cooper G D J Linder,own_683304,Lil's Boy (USA),sir_3144239,Voronova (IRE),dam_686735,Sadler's Wells,dsi_3247825,Prominent - switched right 5f out - ridden over 3f out - weakened over 1f out,https://www.rp-assets.com/svg/6/2/8/170826.svg
rac_6465576,2010-01-08,GB,Southwell (AW),crs_10244,3:45,2010-01-08T15:45:00+00:00,Southwell Handicap,Flat,Class 7,,0-50,4yo+,,1m4f,2654,2427.0,12f,Slow,AW,,2m 50.10s (slow by 16.10s),,"Ashmolian (travel problems), Home (travel problems), Just Beware (travel problems), Oniz Tiptoes (travel problems), Stravita (self certificate)",£2.60,£1.40 £2.70 £2,£19.10,£18.44,£91.03,,hrs_5003586,Fongoli (GB),9/2,5.5,7.0,6,1.0,6,14.75,4,F,9-0,126,b,2:53.05,50,36,14,,Robert Winston,0,jky_43566,Brendan Powell,trn_129285,N Stafford I Smith Miss A Bucknall,own_675044,Dr Fong (USA),sir_3256673,Darmagi (IRE),dam_3986731,Desert King,dsi_3135601,Driven along early - soon chasing leader - ridden over 3f out - weakened 2f out,https://www.rp-assets.com/svg/1/6/7/168761.svg
rac_6465576,2010-01-08,GB,Southwell (AW),crs_10244,3:45,2010-01-08T15:45:00+00:00,Southwell Handicap,Flat,Class 7,,0-50,4yo+,,1m4f,2654,2427.0,12f,Slow,AW,,2m 50.10s (slow by 16.10s),,"Ashmolian (travel problems), Home (travel problems), Just Beware (travel problems), Oniz Tiptoes (travel problems), Stravita (self certificate)",£2.60,£1.40 £2.70 £2,£19.10,£18.44,£91.03,,hrs_4509911,Gouranga (GB),20/1,21.0,11.0,7,10.0,26,40.75,7,M,8-6,118,b,2:58.25,45,–,–,,Jake Payne,7,jky_259347,Tony Carroll,trn_87426,Group 1 Racing 1994 Ltd,own_194244,Robellino (USA),sir_2114476,Hymne D'Amour (USA),dam_489524,Dixieland Band,dsi_2104459,Slowly into stride - soon pushed along in rear - behind final 8f - tailed off,https://www.rp-assets.com/svg/1/6/5/48561.svg
rac_6465576,2010-01-08,GB,Southwell (AW),crs_10244,3:45,2010-01-08T15:45:00+00:00,Southwell Handicap,Flat,Class 7,,0-50,4yo+,,1m4f,2654,2427.0,12f,Slow,AW,,2m 50.10s (slow by 16.10s),,"Ashmolian (travel problems), Home (travel problems), Just Beware (travel problems), Oniz Tiptoes (travel problems), Stravita (self certificate)",£2.60,£1.40 £2.70 £2,£19.10,£18.44,£91.03,,hrs_4923345,Heroic Lad (GB),50/1,51.0,4.0,8,11.0,27,67.75,5,G,8-8,120,t,3:3.65,47,–,–,,David Kenny,7,jky_257037,Andrew Haynes,trn_148230,Alison Mallia Lisa Clarke,own_661868,Arkadian Hero (USA),sir_3278233,Erith's Chill Wind (GB),dam_3504851,Be My Chief,dsi_344176,Soon led - headed 5f out - soon ridden and weakened - tailed off,https://www.rp-assets.com/svg/7/6/4/165467.svg
rac_6465576,2010-01-08,GB,Southwell (AW),crs_10244,3:45,2010-01-08T15:45:00+00:00,Southwell Handicap,Flat,Class 7,,0-50,4yo+,,1m4f,2654,2427.0,12f,Slow,AW,,2m 50.10s (slow by 16.10s),,"Ashmolian (travel problems), Home (travel problems), Just Beware (travel problems), Oniz Tiptoes (travel problems), Stravita (self certificate)",£2.60,£1.40 £2.70 £2,£19.10,£18.44,£91.03,,hrs_4998742,Firsaan (IRE),25/1,26.0,6.0,9,6.0,45,112.75,4,G,8-9,121,v,3:12.65,50,–,–,,Paul Pickard,5,jky_254241,John Norton,trn_131157,Colin Holder,own_586456,Haafhd (GB),sir_4009068,Walayef (USA),dam_3946600,Danzig,dsi_2104074,Mid-division - dropped in rear 8f out - soon behind - tailed off,https://www.rp-assets.com/svg/4/1/6/146614.svg
rac_6464991,2010-01-02,GB,Lingfield (AW),crs_10218,3:45,2010-01-02T15:45:00+00:00,Bet Test Match Cricket - Betdaq Handicap (Div II),Flat,Class 6,,0-58,4yo+,,6f,1321,1208.0,6f,Standard,AW,,1m 11.38s (slow by 1.98s),,,£6.40,£1.90 £2.70 £2,£40.70,£51.18,£270.24,,hrs_4734163,Only A Game (IRE),7/4F,2.75,4.0,4,4.0,0.3,2,5,G,9-3,129,tp,1:11.71,57,64,55,,Adam Kirby,0,jky_250821,Ian McInnes,trn_130941,Hall Farm Racing,own_496228,Foxhound (USA),sir_606095,Compendium (GB),dam_4734128,Puissance,dsi_313369,Steadied after start - held up in touch in rear - headway towards inner over 1f out - not clear run entering final furlong until switched right final 100yds - ran on but never able to challenge (jockey said gelding was denied a clear run)(op 9-4 tchd 13-8),https://www.rp-assets.com/svg/7/5/0/124057.svg
rac_6464991,2010-01-02,GB,Lingfield (AW),crs_10218,3:45,2010-01-02T15:45:00+00:00,Bet Test Match Cricket - Betdaq Handicap (Div II),Flat,Class 6,,0-58,4yo+,,6f,1321,1208.0,6f,Standard,AW,,1m 11.38s (slow by 1.98s),,,£6.40,£1.90 £2.70 £2,£40.70,£51.18,£270.24,,hrs_4652326,Tenancy (IRE),11/1,12.0,9.0,5,9.0,0.3,2.25,6,G,8-6,118,p,1:11.75,46,47,43,,David Probert,0,jky_258039,Shaun Harris,trn_84249,S A Harris,own_643376,Rock Of Gibraltar (IRE),sir_3814832,Brush Strokes (GB),dam_3620435,Cadeaux Genereux,dsi_65541,Led - ridden and hard pressed 2f out - kept on well until headed final 150yds - weakened final 75yds(op 12-1),https://www.rp-assets.com/svg/4/4/8/160844.svg
rac_6464991,2010-01-02,GB,Lingfield (AW),crs_10218,3:45,2010-01-02T15:45:00+00:00,Bet Test Match Cricket - Betdaq Handicap (Div II),Flat,Class 6,,0-58,4yo+,,6f,1321,1208.0,6f,Standard,AW,,1m 11.38s (slow by 1.98s),,,£6.40,£1.90 £2.70 £2,£40.70,£51.18,£270.24,,hrs_4086782,Muktasb (USA),25/1,26.0,3.0,6,6.0,1.5,3.75,9,G,9-3,129,v,1:12.00,57,54,50,,Jim Crowley,0,jky_42702,Derek Shaw,trn_52533,Miss Claire Comery,own_650396,Bahri (USA),sir_632765,Maghaarb (GB),dam_3353728,Machiavellian,dsi_371490,Slowly into stride - behind - ridden and headway just over 1f out - ran on well inside final furlong - never troubled leaders,https://www.rp-assets.com/svg/9/9/5/162599.svg
rac_6464991,2010-01-02,GB,Lingfield (AW),crs_10218,3:45,2010-01-02T15:45:00+00:00,Bet Test Match Cricket - Betdaq Handicap (Div II),Flat,Class 6,,0-58,4yo+,,6f,1321,1208.0,6f,Standard,AW,,1m 11.38s (slow by 1.98s),,,£6.40,£1.90 £2.70 £2,£40.70,£51.18,£270.24,,hrs_4830602,Brazilian Brush (IRE),25/1,26.0,11.0,7,1.0,.5,4.25,5,G,8-6,118,tp,1:12.09,46,41,37,,Luke Morris,0,jky_254571,Milton Bradley,trn_2124,J M Bradley,own_19308,Captain Rio (GB),sir_3822805,Ejder (IRE),dam_3644018,Indian Ridge,dsi_25326,Chased leader - every chance and ridden 2f out - weakened just inside final furlong(op 20-1),https://www.rp-assets.com/svg/7/2/8/4827.svg
rac_6464991,2010-01-02,GB,Lingfield (AW),crs_10218,3:45,2010-01-02T15:45:00+00:00,Bet Test Match Cricket - Betdaq Handicap (Div II),Flat,Class 6,,0-58,4yo+,,6f,1321,1208.0,6f,Standard,AW,,1m 11.38s (slow by 1.98s),,,£6.40,£1.90 £2.70 £2,£40.70,£51.18,£270.24,,hrs_5056275,Commandingpresence (USA),25/1,26.0,8.0,8,11.0,.5,4.75,4,F,8-4,116,,1:12.17,47,40,37,,Marc Halford,3,jky_243879,John Bridger,trn_6003,W Wood,own_68368,Thunder Gulch (USA),sir_697536,Sehra (USA),dam_5056261,Silver Hawk,dsi_2115911,In touch - ridden and effort entering final 2f - driven and one pace from over 1f out - held when not clear run inside final furlong(op 22-1),https://www.rp-assets.com/svg/2/9/0/17092.svg
rac_6464991,2010-01-02,GB,Lingfield (AW),crs_10218,3:45,2010-01-02T15:45:00+00:00,Bet Test Match Cricket - Betdaq Handicap (Div II),Flat,Class 6,,0-58,4yo+,,6f,1321,1208.0,6f,Standard,AW,,1m 11.38s (slow by 1.98s),,,£6.40,£1.90 £2.70 £2,£40.70,£51.18,£270.24,,hrs_5165461,Spring Bridge (IRE),100/1,101.0,10.0,9,5.0,2,6.75,4,G,8-9,121,p,1:12.50,49,36,32,,Sam Hitchcott,0,jky_237732,Linda Jewell,trn_64062,Valence Racing,own_663744,Tagula (IRE),sir_727524,Miss Lainey (IRE),dam_3972703,Woodborough,dsi_720111,In touch on inner - ridden just over 2f out - weakened under pressure just over 1f out,https://www.rp-assets.com/svg/6/3/9/165936.svg
rac_6464991,2010-01-02,GB,Lingfield (AW),crs_10218,3:45,2010-01-02T15:45:00+00:00,Bet Test Match Cricket - Betdaq Handicap (Div II),Flat,Class 6,,0-58,4yo+,,6f,1321,1208.0,6f,Standard,AW,,1m 11.38s (slow by 1.98s),,,£6.40,£1.90 £2.70 £2,£40.70,£51.18,£270.24,,hrs_5047406,Acrosstheuniverse (USA),11/2,6.5,5.0,10,3.0,3.25,10,4,F,9-3,129,,1:13.05,57,34,30,,Martin Dwyer,0,jky_33765,Jeremy Gask,trn_176958,Horses First Racing Limited,own_642868,Forestry (USA),sir_3606547,Belong To Lassie (USA),dam_4789225,Belong To Me,dsi_3266487,Took keen hold - in touch - ridden well over 2f out - weakened 2f out(op 7-1 tchd 9-1),https://www.rp-assets.com/svg/7/1/7/160717.svg
